{
  "in_sample": {
    "return": -0.015595004325849005,
    "sharpe": -101.9687963544587,
    "drawdown": 0.036583025050845805,
    "trades": 8
  },
  "out_of_sample": {
    "return": -0.004873596778837964,
    "sharpe": -3184.568676391227,
    "drawdown": 0.010027454231220135,
    "trades": 8
  }
}