rank,params,sharpe_is,sharpe_oos,maxdd_oos,fitness_oos,trades,turnover_oos,pass_sharpe,pass_dd,pass_turnover,pass_fitness,all_pass
1,"{'fast': 10, 'slow': 50}",0.4098908548342485,-1.3062863869625658,0.0007969177821405224,-0.002394674865581934,0,0.00546448087431694,False,True,False,False,False
2,"{'fast': 15, 'slow': 50}",0.405929470493757,-1.1508397281296072,0.0007703031211816521,-0.0019862392161200822,0,0.00546448087431694,False,True,False,False,False
3,"{'fast': 5, 'slow': 20}",0.2839630934326231,-0.509852770251969,0.0009551871741356118,-0.0003750012030444395,0,0.02185792349726776,False,True,True,False,False
